NAME,ID,PASSWORD,BIRTHDATE,PHONE_NUMBER,EMAIL_ADDRESS,ADDRESS,JOIN_DATE,GENDER_ID
백현정,Iv4ZINc7Sb,w+(o2PEeM#,1994-07-01,010-6205-6216,yeonggilcoe@example.net,서울특별시 양천구 목동동로 1900번길,2023-07-27,여
성중수,F3O68nF9xa,&&u9xKsvUU,1958-05-24,02-1797-9003,miyeongi@example.com,서울특별시 강동구 천호대로 200번길,2023-07-13,남
김지훈,7m5d19sIL5,*^!j3HXwLZ,1941-12-17,02-3350-2547,hyejin35@example.net,서울특별시 관악구 관악로 500번길,2023-08-10,여
이영식,Y1DbTobuz4,0nouTyMZ$4,1938-07-18,016-7639-8751,yeongsungim@example.com,서울특별시 강북구 덕릉로 300번길,2023-09-13,남
김하윤,w0zO9YQ1iO,1Mi63VOcM_,1969-07-27,017-2215-7584,minjun91@example.net,서울특별시 동작구 동작대로 1200번길,2023-09-29,여
김현주,aUs5FQu8X5,kf4$CgdgT*,1998-03-01,016-5485-1103,donghyeonhong@example.com,서울특별시 동대문구 천호대로 1100번길,2023-09-10,여
강정웅,wcuiXDh8z3,!v2U0yPk37,1958-04-09,010-2484-1606,vgim@example.net,서울특별시 서대문구 이화여대길 1400번길,2023-10-03,여
이서윤,bVDcrzv7eU,_T73JApol*,1982-06-30,017-5176-7315,gimsiu@example.org,서울특별시 중구 중구로 2400번길,2023-08-19,여
최민재,mdZUsss5G2,@at)8bZZ@+,1993-02-27,017-1592-9315,seongmin55@example.net,서울특별시 관악구 관악로 500번길,2023-09-28,남
김도현,PmVibBOrdd,+3%4D_SdAk,1939-04-16,010-7554-1092,yunjimin@example.com,서울특별시 마포구 마포대로 1300번길,2023-08-11,여
이성현,wSsB5gUXzw,Oa@8XkLdRk,1940-11-12,016-6825-2911,sanghyeonyun@example.net,서울특별시 종로구 종로 2300번길,2023-08-15,남
최진호,qaBAJutawN,#lL^4AIw0s,2001-03-02,010-8953-4919,byeongceoli@example.org,서울특별시 강서구 양천로 400번길,2023-07-26,남
강영자,xsORdqzTqP,DBDrp5ov%#,1962-05-03,02-3524-8554,minjica@example.net,서울특별시 강서구 양천로 400번길,2023-09-19,여
김명자,DBHYPtXiMP,(3H!nmyB1x,1950-05-13,016-1631-4430,hyeonjeongjang@example.com,서울특별시 노원구 노원로 900번길,2023-09-28,남
김종수,EjPKBKhtG1,^@9fCFkCQ4,1959-05-07,016-8802-5476,jiweon11@example.org,서울특별시 성북구 성북로 1700번길,2023-08-30,여
이경자,TTr0F7GcY3,C1Vq7+38+o,1955-06-06,016-1211-9068,dohyeon77@example.org,서울특별시 은평구 은평로 2200번길,2023-10-09,남
박민준,kvEQaxt3Kb,5JJVeLfP(6,1991-02-20,017-9901-9047,areum16@example.com,서울특별시 강북구 덕릉로 300번길,2023-08-05,남
이준서,HG1u2Dxwti,$MGJR3n#Q9,1943-06-03,02-1356-8037,boramgim@example.org,서울특별시 강남구 강남대로 100번길,2023-07-04,남
오지은,2cuU6K2NF1,)x4QMUj%A&,1963-04-02,02-4726-5047,pgang@example.net,서울특별시 동대문구 천호대로 1100번길,2023-10-06,여
박지후,9tHySlCXgb,!2niE&l*Ax,1939-01-15,010-9485-6691,gimsiu@example.org,서울특별시 동작구 동작대로 1200번길,2023-07-14,남
김예지,b1wh76OMuS,oAPHP0Yq(2,1940-06-04,017-9085-3001,esong@example.com,서울특별시 관악구 관악로 500번길,2023-08-18,여
최민지,gv3jcP2IDU,0L5OYtxr@%,1998-03-14,010-2979-3546,haeun62@example.net,서울특별시 강북구 덕릉로 300번길,2023-09-25,여
김병철,2FOLmitHur,c9OA%Ii1@s,1934-05-21,010-1794-9906,yeonghyio@example.com,서울특별시 금천구 시흥대로 800번길,2023-09-28,남
김순옥,fw4plOxhYx,*BD7*RQs^3,2005-10-08,016-1541-4756,yejingim@example.com,서울특별시 금천구 시흥대로 800번길,2023-09-07,여
이서영,txL6RpC5uj,j1!AuzR$+J,2004-05-17,010-6674-5205,yunseo37@example.org,서울특별시 강남구 강남대로 100번길,2023-07-26,여
김민준,pv7xHAEtVg,^z_993UDp$,1983-01-22,016-7448-5436,bno@example.com,서울특별시 도봉구 도봉로 1000번길,2023-08-21,여
이경자,IZsB0gdns5,+aBUz90j7d,1935-07-30,010-4033-1403,yeongsiggim@example.net,서울특별시 강북구 덕릉로 300번길,2023-09-15,남
김보람,iSL6u2rDmr,B2T1SEhUh_,1987-02-25,02-3082-6116,jieunan@example.net,서울특별시 은평구 은평로 2200번길,2023-08-11,여
장지우,HCxbYvqcVZ,(hgZ8mF587,1980-09-22,016-2124-4418,yeonghwangim@example.net,서울특별시 도봉구 도봉로 1000번길,2023-10-03,여
황동현,VG5Qj5mv2x,#(tnITHn)9,1978-02-12,02-4751-1516,jihun21@example.net,서울특별시 광진구 광나루로 600번길,2023-08-01,남
이정훈,33qHcS5Omv,jUw^v6@kY#,1942-10-27,02-3751-3815,iyeonggil@example.net,서울특별시 양천구 목동동로 1900번길,2023-08-06,남
이지후,g5Qj0yBxXp,feg_4qXe6k,1963-03-26,02-7575-1669,seoyun31@example.org,서울특별시 성동구 왕십리로 1600번길,2023-08-05,여
김영미,p4HloxrgCM,41HRBEtb^b,1977-01-09,016-2828-7954,gimseungmin@example.net,서울특별시 용산구 이태원로 2100번길,2023-09-28,남
이성현,ADE7vFtWEI,422vsTZj$4,1951-11-02,02-3307-1899,eomseunghyeon@example.net,서울특별시 구로구 구로로 700번길,2023-08-12,여
김영순,53N6fNCiuP,_1nMXwa2a!,1952-07-30,016-2587-9362,yeongsu42@example.org,서울특별시 구로구 구로로 700번길,2023-09-29,여
장정웅,GjtWJKk0yE,^!ULyp_w0Z,2003-02-12,017-8735-9373,yeonghobag@example.org,서울특별시 금천구 시흥대로 800번길,2023-07-04,남
손준혁,dIGq9wQBcu,_hEWVe%iH6,1955-05-01,016-4080-5495,hongjunho@example.com,서울특별시 서대문구 이화여대길 1400번길,2023-09-26,여
김진우,mQPintgjaR,nXrjN0Ci$*,1933-09-25,02-1057-5428,yeongceoli@example.net,서울특별시 은평구 은평로 2200번길,2023-09-14,남
이예은,K0q6tkBOEO,33t4VGZe*u,1940-03-17,016-7120-6962,eunju25@example.net,서울특별시 중랑구 중랑로 2500번길,2023-09-28,여
박현지,Sp51Ehi3Xz,Fp(4WfRd$&,1973-11-27,016-1348-6842,hyeonjuseo@example.net,서울특별시 송파구 올림픽로 1800번길,2023-08-01,남
이수진,GXOiJktPaD,$f7Cb(Iehe,1934-01-20,016-7289-9621,gimminjae@example.com,서울특별시 구로구 구로로 700번길,2023-08-08,남
김정순,Mn4kaQZLv8,(XHIH7XrFw,1964-04-08,016-4348-1759,sinjihun@example.com,서울특별시 성동구 왕십리로 1600번길,2023-08-26,여
이옥자,mVUglu668s,5dGBsC1@!b,1958-06-15,010-9435-6871,dgim@example.net,서울특별시 송파구 올림픽로 1800번길,2023-08-31,남
양보람,ADeMbWn13Q,Jyc(fcQn)2,1959-05-21,016-2087-5328,seongmin98@example.net,서울특별시 강동구 천호대로 200번길,2023-08-15,남
박지혜,XcL0wioE5a,M0VSB2Ds$x,1984-10-27,010-3671-3318,hongseoyeong@example.org,서울특별시 은평구 은평로 2200번길,2023-08-17,여
이승민,6l06xpqENr,nRhfY2Mnr#,1977-03-14,02-4224-9619,mbaeg@example.org,서울특별시 도봉구 도봉로 1000번길,2023-09-16,남
지병철,LrtzoX8dPM,G!1F_YPiS9,1964-05-04,02-2949-8946,jia38@example.net,서울특별시 서초구 강남대로 1500번길,2023-09-24,남
강정웅,0Nwt2lUFZw,&2FSrJ9b)S,1973-02-02,010-3271-9419,pgim@example.net,서울특별시 성동구 왕십리로 1600번길,2023-07-17,여
김민서,LDgxdcBe5k,D4gi4X4r^o,1965-06-02,017-2148-2220,jinho38@example.org,서울특별시 성동구 왕십리로 1600번길,2023-09-18,남
박예준,0C7j1JFAyw,#5e8)iKi#5,1943-10-26,010-3023-7312,ahan@example.org,서울특별시 서대문구 이화여대길 1400번길,2023-08-02,남
고정숙,Qhvkqr93mN,!3MWjKgKoD,1933-07-12,017-6883-2155,hyejin57@example.net,서울특별시 강서구 양천로 400번길,2023-07-19,남
송미경,LIS4xcaoC7,(UUYEknR93,2000-06-30,017-1132-4856,cgim@example.net,서울특별시 서초구 강남대로 1500번길,2023-08-19,남
전성호,vgHqUkWQSg,*s70Met^!*,1982-09-03,016-9257-3027,gyeonghyi78@example.org,서울특별시 동작구 동작대로 1200번길,2023-07-08,남
홍주원,Y17zR8WEzR,a*2d9FPlW7,1992-01-11,010-5273-8910,hongjeongsug@example.net,서울특별시 종로구 종로 2300번길,2023-07-17,여
남은주,LCDIY90Nkg,N7IwEqKr)m,1981-11-17,016-9182-2959,fgim@example.net,서울특별시 강동구 천호대로 200번길,2023-07-03,남
홍예은,KSxRmNc64p,F48RVfPi#^,1982-04-28,02-9170-1432,misug89@example.net,서울특별시 강서구 양천로 400번길,2023-07-06,남
이정식,jnv4PMtBnD,SW4BJl#vo),1936-11-24,02-2941-8727,sanghyeon95@example.org,서울특별시 중랑구 중랑로 2500번길,2023-07-18,남
이유진,X9ZBxXryZr,$8njKVRl$(,1939-10-13,017-2073-3200,yeongja20@example.com,서울특별시 양천구 목동동로 1900번길,2023-08-20,여
장아름,hLIYnahX2J,(9o#(Cvu&4,1952-08-08,016-5891-7059,jeongsigo@example.com,서울특별시 용산구 이태원로 2100번길,2023-07-13,여
진은경,PWRMEfDHm7,OmGkZEXa$9,1985-03-02,02-6263-6778,gimjiweon@example.org,서울특별시 도봉구 도봉로 1000번길,2023-08-26,여
김지후,tjrbBeaE3M,C_N3aP*uuF,1957-01-31,016-7975-9852,sanghyeon92@example.net,서울특별시 중구 중구로 2400번길,2023-08-19,여
김상현,qs392jIoxz,C%2GpUeM0V,1937-08-17,017-1695-6542,hwanghyeonu@example.org,서울특별시 마포구 마포대로 1300번길,2023-09-08,여
최현숙,PYwQ9m4IWU,t0_7TEcidZ,1996-03-27,016-6947-8723,iyeonghyi@example.com,서울특별시 구로구 구로로 700번길,2023-09-28,남
권지연,OH1gUZsbej,)GjPuV9K_9,1991-01-22,017-4122-3703,minseoi@example.net,서울특별시 동대문구 천호대로 1100번길,2023-08-03,남
황준영,ON29cBSIc6,5c8OTbo8@h,1987-11-23,016-9747-8187,songminjun@example.com,서울특별시 관악구 관악로 500번길,2023-07-23,남
박상호,di843f3JYu,s@1tJ)b#0T,1981-01-11,02-1902-1530,gyeonghyi76@example.org,서울특별시 서초구 강남대로 1500번길,2023-09-26,여
이서윤,oA34CxAE9N,W(1Qgco91B,1997-12-24,010-3219-3631,eunjeongi@example.net,서울특별시 관악구 관악로 500번길,2023-07-26,여
신정식,wjwaxB6D4Y,@9wNIcbw0x,1999-06-04,016-2846-3464,gimjeongsug@example.com,서울특별시 영등포구 영등포로 2000번길,2023-08-23,여
장정남,Pa4Dem2m5q,f^38yFo6RQ,1992-01-05,017-6312-8732,si@example.com,서울특별시 성동구 왕십리로 1600번길,2023-09-07,남
박영희,jJu2Cyqg2C,H)e3LGe*$e,1947-04-05,010-1046-8803,ajang@example.com,서울특별시 성동구 왕십리로 1600번길,2023-07-20,남
김민석,pakges4vx3,HD4Vz_*l(W,1956-07-24,02-7319-6627,gimseonyeong@example.net,서울특별시 동작구 동작대로 1200번길,2023-07-06,여
황은서,OmdaHPwHJE,&#(1WREolg,1996-01-18,02-6706-1669,ujin47@example.net,서울특별시 강서구 양천로 400번길,2023-09-19,여
이우진,Lu64U1rqGW,D4W*alOe+J,1950-12-06,017-3680-3907,yeongsigan@example.com,서울특별시 영등포구 영등포로 2000번길,2023-08-11,여
이서연,VJQeN80rXT,*mD3Q!F$0I,1948-12-26,010-6413-3398,hwangmijeong@example.com,서울특별시 용산구 이태원로 2100번길,2023-09-21,남
손미영,x2NaXUsXTk,oe6FOlfz8),1965-08-13,010-6209-7479,si@example.com,서울특별시 중랑구 중랑로 2500번길,2023-09-18,남
이명자,ezqGL86CJA,@Tu4MEOwx9,1994-10-02,010-2106-7585,ryuseongjin@example.org,서울특별시 동작구 동작대로 1200번길,2023-07-26,남
김민재,egHYUrXFfU,zZj@5Trz@^,1966-05-12,02-8847-9812,gimareum@example.com,서울특별시 강북구 덕릉로 300번길,2023-09-01,남
오민재,OMRYc9Sofo,n1)niLqs$Q,1996-11-16,010-3478-1744,yeonghwanjo@example.net,서울특별시 강서구 양천로 400번길,2023-08-09,여
김건우,1nzPOo3Sbz,((7NkP@ypg,1990-03-22,016-4512-5890,seoyeeun@example.net,서울특별시 중랑구 중랑로 2500번길,2023-07-12,남
차지원,JY0gSdDf0V,_(s2R7MecK,1933-03-17,016-2051-1552,sanghobag@example.net,서울특별시 송파구 올림픽로 1800번길,2023-07-26,남
노종수,Ung87mnCYl,^L9(JwqKUp,1973-02-07,017-4247-2161,sunog89@example.net,서울특별시 동작구 동작대로 1200번길,2023-07-26,남
윤지민,XmzD35HsaN,Pd56rCIMt_,1940-07-27,017-7127-5396,ygim@example.net,서울특별시 중랑구 중랑로 2500번길,2023-09-20,남
김현숙,iaB8F3D4xf,0D@ZOmwi@5,1998-06-12,016-3692-7355,jinusong@example.com,서울특별시 강서구 양천로 400번길,2023-10-09,여
이수빈,safIWTRl7o,3Dk7EJatD*,1959-10-18,017-6512-5697,bagyeweon@example.com,서울특별시 광진구 광나루로 600번길,2023-08-30,여
양승현,KSwPS6i4Co,$k7l#MDzds,1979-03-04,017-1348-2312,iseojun@example.org,서울특별시 강서구 양천로 400번길,2023-09-01,남
장순옥,33LGlcAxVu,bS1Tm@Ln)N,1987-03-23,02-7308-5807,seoyeon83@example.org,서울특별시 마포구 마포대로 1300번길,2023-08-05,여
성정식,oBFCqyr3lY,@I4lCilnKR,1965-03-04,016-8454-4236,seonghun33@example.org,서울특별시 영등포구 영등포로 2000번길,2023-09-18,남
최경숙,Rj0R4KgLpj,$8QjB6z5Gj,1978-12-07,017-6846-8187,seoyeongim@example.com,서울특별시 금천구 시흥대로 800번길,2023-07-06,여
김서현,WR7ByJ0Pqw,i9!v1JHz%T,1939-11-04,017-4312-7374,ogsungweon@example.com,서울특별시 양천구 목동동로 1900번길,2023-10-07,남
나영식,OMLjPserdh,1nyXzob1&4,1954-03-02,010-7467-6942,jungsu57@example.net,서울특별시 동작구 동작대로 1200번길,2023-08-19,여
서정식,UDyczJpaov,OJ0H0lCt*w,1991-10-07,010-9652-6784,eju@example.net,서울특별시 성동구 왕십리로 1600번길,2023-07-11,남
최정수,pOPMhnW4xc,1pd_F1Qgya,1994-01-12,010-1868-3471,munsangho@example.org,서울특별시 영등포구 영등포로 2000번길,2023-07-06,남
문민준,0FZZtN65Wi,&2%Js1ykKJ,1975-04-29,016-5992-3933,jcoe@example.org,서울특별시 금천구 시흥대로 800번길,2023-07-05,여
박영진,f0AbDXXUIz,4&7Txm^t+n,1970-02-02,016-8147-7054,tbae@example.org,서울특별시 광진구 광나루로 600번길,2023-07-28,남
안지은,EVAmgp98oZ,#esm)2Of*x,2001-06-01,017-7773-1787,useongjin@example.com,서울특별시 영등포구 영등포로 2000번길,2023-07-17,남
고아름,20yea5k17g,%N3T6tBjj&,1979-12-24,017-1320-7195,yejunjang@example.com,서울특별시 동작구 동작대로 1200번길,2023-07-10,여
이정숙,NWcGiRY2rQ,#l%Zhl^_!8,1993-07-10,010-5328-9392,hyeonsug12@example.com,서울특별시 마포구 마포대로 1300번길,2023-07-18,남
이상훈,sRK75wcKTk,)7@KtRjmR7,1989-11-01,010-2570-7896,ijeongho@example.net,서울특별시 종로구 종로 2300번길,2023-07-26,남
송현우,auh9jNElAL,sg_G7GMYV_,1993-10-24,010-8493-3856,junho71@example.org,서울특별시 양천구 목동동로 1900번길,2023-09-10,남
노지혜,uS0FMoLlSl,CvTRFevA+7,1938-03-10,02-4867-3183,baegmigyeong@example.org,서울특별시 종로구 종로 2300번길,2023-09-12,여
