NAME,ID,PASSWORD,BIRTHDATE,PHONE_NUMBER,EMAIL_ADDRESS,ADDRESS,GENDER_ID,JOIN_DATE
한지민,gpmden,s4p45nvf,19790720,010-3941-4638,ed6rfbf6@daum.net,서울시 강남구 195번길,여,2023-10-08
김민수,kcdcswvti,d7tx669yxpc,19860126,010-7322-2382,q77@daum.net,서울시 서초구 068번길,여,2023-07-10
최민지,kbvxzqc,leibzddjey,19821005,010-8509-8186,kcwuu6@gmail.com,서울시 마포구 418번길,여,2023-07-28
박영희,cihbstx,ly6ghuhx,19980104,010-5988-3329,c4d@naver.com,서울시 마포구 143번길,여,2023-08-14
정태영,ibthi,r1d6c8nn9,19820110,010-1309-7911,lgf@yahoo.co.kr,서울시 동작구 826번길,남,2023-07-12
박지선,lputjqybgo,m6jjq4z3m3,19930322,010-9364-2186,okf@daum.net,서울시 동작구 773번길,남,2023-07-17
이영수,viwnbfep,1i8whn68drk0,19751203,010-1639-2239,5bom2zjs@yahoo.co.kr,서울시 동작구 722번길,여,2023-07-08
김하늘,oyvbo,yz5qxapqodis,19880126,010-9366-6754,fslw06bv@naver.com,서울시 동작구 515번길,남,2023-07-04
최지은,kdtgcps,e39bmojl8em,20020606,010-6468-6226,owm@daum.net,서울시 서초구 545번길,남,2023-09-26
이철수,wcqblbrzf,14czm13pjv,19880602,010-6669-0085,ahpznq@naver.com,서울시 서초구 978번길,남,2023-09-20
한지민,sgzfaqftos,s50730vp,19710402,010-7353-7562,fov1ll2d@yahoo.co.kr,서울시 용산구 442번길,여,2023-08-18
김민수,cevstn,v2koou7kcvi3,19970826,010-4668-8323,vk59cule@gmail.com,서울시 강남구 038번길,남,2023-10-09
최민지,ubiau,uj0291nj8asg,19700107,010-7602-1308,38msy@daum.net,서울시 동작구 178번길,남,2023-09-17
박영희,tnaej,qb71j91xj,19761121,010-8944-4290,1xc@naver.com,서울시 용산구 759번길,여,2023-08-17
정태영,jnscfbfsf,ouxuazvc,19960519,010-9273-7276,8jbt8l@naver.com,서울시 마포구 524번길,여,2023-09-25
박지선,wzmei,hjamtub4,19860528,010-8954-5949,3tuhi@daum.net,서울시 강남구 234번길,남,2023-07-14
이영수,xznlmnqdis,z1g5wofg,19770524,010-7163-0394,mr1@daum.net,서울시 마포구 513번길,여,2023-10-10
김하늘,bswylyah,pv5dk52x04t,20000407,010-3840-4077,omtw6b@gmail.com,서울시 마포구 436번길,여,2023-08-06
최지은,lrzwlprxx,kxd6kih73nb,19960320,010-9747-6940,60tpjg@naver.com,서울시 동작구 034번길,남,2023-07-03
이철수,kcepm,6c650b1r7l1,19970123,010-8383-8043,3s58mkkx@yahoo.co.kr,서울시 서초구 353번길,여,2023-10-02
한지민,gtprvbt,xlo3nxn8p,19840619,010-3467-9216,7vhh@daum.net,서울시 동작구 087번길,남,2023-07-11
김민수,nxobbom,94e0qtkmsat4,19760803,010-0423-8677,73cz5@yahoo.co.kr,서울시 동작구 294번길,남,2023-07-03
최민지,vbbhxr,76kj03gm8x,19741219,010-3512-3099,ibk@yahoo.co.kr,서울시 서초구 862번길,남,2023-09-21
박영희,gbwjs,mi47648gs,19700903,010-0957-7916,prl8okq@naver.com,서울시 용산구 485번길,남,2023-08-28
정태영,thkmfbtv,69pamt3l,20021028,010-4776-4617,6nzusad@gmail.com,서울시 마포구 683번길,남,2023-10-01
박지선,wgket,7rvp0f74g,19731017,010-4670-9461,mitzpuu@naver.com,서울시 마포구 198번길,여,2023-07-11
이영수,odrkycj,1e57k5n8wzod,19791123,010-9988-8017,gr003@yahoo.co.kr,서울시 마포구 960번길,여,2023-08-20
김하늘,dtvpeaka,4b6rgmd5jfuh,19900110,010-6757-3320,c6kpyxo7@naver.com,서울시 강남구 247번길,여,2023-07-09
최지은,pzkhiymqo,kt2loxxm,19900309,010-7659-1621,d4z@daum.net,서울시 마포구 561번길,남,2023-10-10
이철수,brchcafmdd,tkjoq476n02v,19951211,010-6637-4227,ptam@yahoo.co.kr,서울시 서초구 909번길,여,2023-07-02
한지민,igseu,2maqvvvpwkq,19870517,010-3628-1114,hs5@naver.com,서울시 마포구 448번길,여,2023-08-02
김민수,wbqdbrcb,e4dvblp1krdl,19840308,010-8334-8338,7zpb@naver.com,서울시 동작구 652번길,여,2023-07-26
최민지,hllwzsnkf,ck51j9kt,20000615,010-8639-0541,umyynkv@naver.com,서울시 용산구 284번길,여,2023-08-13
박영희,iyjixd,wmplm1x5m,19840209,010-2287-5008,381dp8yj@daum.net,서울시 마포구 526번길,남,2023-08-04
정태영,askyys,6g2n4ktyh,19850210,010-3904-7619,eu26qgj@gmail.com,서울시 동작구 579번길,여,2023-07-27
박지선,ipvwhctf,tkca9zmd9,19960504,010-6408-1028,2sn@yahoo.co.kr,서울시 강남구 396번길,남,2023-07-19
이영수,qkvpk,jncq1bg14tv,19951003,010-1430-1859,p86@naver.com,서울시 마포구 186번길,여,2023-07-19
김하늘,zjhwm,wwnp3sasufw,19770320,010-5385-7494,13t@naver.com,서울시 강남구 421번길,여,2023-07-25
최지은,guisalnmdp,p7wqrx65l,19760618,010-3699-4566,9up@yahoo.co.kr,서울시 강남구 274번길,남,2023-08-12
이철수,xjutwalg,bppog8aw2,19800726,010-9857-4420,85jl@daum.net,서울시 강남구 988번길,남,2023-10-07
한지민,qcovhs,9hr3wvpuwa,19750313,010-2731-6443,kvl6v@daum.net,서울시 마포구 008번길,여,2023-07-12
김민수,htdtdv,qfbpqzp1,19911104,010-9488-9090,bhhb@naver.com,서울시 마포구 928번길,여,2023-09-20
최민지,kfegnz,k97hd284j,19880810,010-7026-2998,ng6iarbp@gmail.com,서울시 용산구 059번길,여,2023-08-22
박영희,zbmqnna,j22qtwez,19890605,010-4285-8780,ujdm85@yahoo.co.kr,서울시 강남구 034번길,남,2023-10-06
정태영,pkphaecnld,5fwwrfnm6,19720903,010-8824-0652,lx87fv3@naver.com,서울시 용산구 329번길,남,2023-08-01
박지선,wsytur,li4bsce15,19990802,010-9613-5701,g9ai@yahoo.co.kr,서울시 마포구 446번길,여,2023-08-19
이영수,tqcljalnnv,muyabc25,19880823,010-1563-7898,y6tdof@naver.com,서울시 동작구 878번길,남,2023-07-16
김하늘,pkgoqg,m3xuoadbbrtf,19990215,010-6241-1241,pf5tn5zj@gmail.com,서울시 용산구 036번길,남,2023-09-12
최지은,dutsdltshx,cvd8w4cs,19900219,010-4855-3614,0wsmjepf@naver.com,서울시 서초구 589번길,여,2023-08-16
이철수,skmskx,5vnuupqet,19760601,010-1364-3522,mk0r@yahoo.co.kr,서울시 동작구 281번길,남,2023-10-08
한지민,wsdzzu,ldttewpmxt,19830617,010-1472-9092,hgy@daum.net,서울시 마포구 729번길,여,2023-09-23
김민수,xblauihkzk,jykzu7gmv0p,19841223,010-8642-0901,gs2pah@gmail.com,서울시 동작구 418번길,남,2023-10-06
최민지,zeklpvas,usoz25c4,19770810,010-9645-1367,tee@yahoo.co.kr,서울시 강남구 168번길,여,2023-10-08
박영희,kalpvlctf,2g5ccpznko6,19701223,010-0078-7932,c1qx9k@daum.net,서울시 서초구 707번길,여,2023-09-16
정태영,qjhfgzrqs,nlx3i13d,19721201,010-3450-5245,1tn79a@gmail.com,서울시 동작구 218번길,남,2023-07-07
박지선,kknnmcsqal,l4m3qy2y,19770619,010-3658-8983,g36@daum.net,서울시 강남구 736번길,남,2023-09-15
이영수,fiuzv,zpd7mwy9qo,19810127,010-6396-8778,8cnhj@yahoo.co.kr,서울시 서초구 437번길,여,2023-10-02
김하늘,oszkq,q8kcshpt,19790809,010-2893-0992,zlz@naver.com,서울시 서초구 689번길,여,2023-08-23
최지은,unnhwx,emdjdvo6663t,19910714,010-9669-5365,ftbv2ty@gmail.com,서울시 마포구 463번길,남,2023-10-10
이철수,lhjrn,5gifvnk0kjl,20020826,010-6669-8923,ouoi6x@naver.com,서울시 동작구 644번길,여,2023-09-14
한지민,bwhazi,6knkhtetw,19711207,010-3536-6102,356@naver.com,서울시 용산구 609번길,남,2023-08-14
김민수,fmfpvjp,g7qo957fqyv,20030419,010-5263-9911,qfn85tgx@daum.net,서울시 마포구 109번길,여,2023-08-24
최민지,asydroycj,ctw1y535,20011112,010-1316-3514,9zernv3w@gmail.com,서울시 용산구 097번길,남,2023-08-22
박영희,qqcckwrevh,75urpg66mvw,19750914,010-8117-1791,qzd9pw@naver.com,서울시 용산구 325번길,남,2023-09-21
정태영,djeluwul,gej6i44xmdf,19860819,010-9373-2111,temyox3n@naver.com,서울시 강남구 948번길,남,2023-08-13
박지선,icowiwzas,zqgb99czu7,20000317,010-0867-1199,lpw5@gmail.com,서울시 마포구 636번길,남,2023-08-04
이영수,rgffmnfyd,km0vi729igus,19810418,010-8345-3614,wbtdlh@daum.net,서울시 동작구 629번길,여,2023-08-09
김하늘,hskfbzfdjr,xi6w97ove5t3,19810917,010-2256-0279,ehfacy@daum.net,서울시 동작구 967번길,여,2023-10-03
최지은,ubihmhm,3y0cpbkvk,19880817,010-3612-1711,s75gi4@yahoo.co.kr,서울시 동작구 417번길,여,2023-10-03
이철수,tgugpj,0fwjryucp1u,19970113,010-5584-2338,eajncqc@yahoo.co.kr,서울시 강남구 485번길,여,2023-09-14
한지민,bwxiad,yit8lc7k3w,19840114,010-3670-0695,1mhv0@gmail.com,서울시 강남구 812번길,여,2023-08-12
김민수,tznptx,0owxvkz5d,19820524,010-1479-8600,apf6r@gmail.com,서울시 용산구 297번길,여,2023-08-01
최민지,vrypfy,4qwcb108u2km,19770317,010-7345-4778,f0s@gmail.com,서울시 마포구 311번길,여,2023-08-18
박영희,hkwyy,k171ctgcsw,19931203,010-1774-7704,yeauumm5@naver.com,서울시 서초구 675번길,여,2023-07-12
정태영,ziuypmnl,jedjoxv9f,20030407,010-4652-0308,7dvuvo@yahoo.co.kr,서울시 마포구 238번길,여,2023-09-05
박지선,mdpgqsgik,4et38q7fe96,20000722,010-9027-5380,2s7sqtyl@naver.com,서울시 서초구 694번길,남,2023-07-13
이영수,permlb,ka2qtki4ogk,19730620,010-1731-4734,fj0hivrg@yahoo.co.kr,서울시 마포구 699번길,남,2023-08-19
김하늘,qvmpetu,a189fub7,19950526,010-3667-6936,c974l@naver.com,서울시 강남구 445번길,여,2023-07-14
최지은,etzayka,id72w8vxpwn,19940728,010-7683-0472,3bf97y@yahoo.co.kr,서울시 서초구 618번길,남,2023-10-03
이철수,qxirvhfjzv,hvti35fryy,19961009,010-2571-4496,9cts9@daum.net,서울시 용산구 473번길,남,2023-09-01
한지민,gvbkwzind,5j71eey8,19980212,010-4041-6176,dwu@naver.com,서울시 강남구 279번길,남,2023-09-22
김민수,zyvyd,sqsl49tc2,19720207,010-7692-0846,1gp@naver.com,서울시 서초구 075번길,남,2023-08-12
최민지,zhtryx,w1iokoruu,19851017,010-3089-5250,5ox9@naver.com,서울시 용산구 214번길,여,2023-10-07
박영희,okxkmuxzla,lojxamlto1m,19850409,010-3520-8640,xq5g@yahoo.co.kr,서울시 강남구 333번길,여,2023-09-21
정태영,wwflbcrolp,9q1f3npvw97,19991001,010-4894-9419,cltd63@daum.net,서울시 용산구 354번길,여,2023-07-22
박지선,zkxivzhsfj,dpeyb3u5e,19710205,010-0240-1604,ho9749@yahoo.co.kr,서울시 마포구 386번길,여,2023-07-21
이영수,apbquuvzjw,kz5468dp,19710614,010-0312-0353,af1h@naver.com,서울시 마포구 198번길,여,2023-10-09
김하늘,tsikq,le5aenex,19750814,010-7236-4685,rpnh0@naver.com,서울시 서초구 375번길,남,2023-10-09
최지은,cwzdeznxi,c0i05at0,19770906,010-8629-2852,f7nbq5g9@naver.com,서울시 서초구 504번길,여,2023-10-04
이철수,kxjje,crw2qwag,19950212,010-7565-5560,xw7e2r@daum.net,서울시 마포구 088번길,여,2023-09-12
한지민,gafubcdz,r5sebubon,20010220,010-0289-5167,dswkoliv@yahoo.co.kr,서울시 마포구 288번길,여,2023-07-03
김민수,gonlf,50xkyub5747o,19910417,010-6165-2534,lbnq@naver.com,서울시 용산구 715번길,여,2023-10-03
최민지,ailmgsbzh,3m608nw5,19710712,010-0223-3905,p5co@gmail.com,서울시 용산구 485번길,여,2023-09-14
박영희,sumyanwhcz,gmd1ea9sjo,19810225,010-2665-8000,a60wl557@gmail.com,서울시 동작구 319번길,남,2023-07-06
정태영,tmbarsxw,ohsg8bmt,19810309,010-0154-0781,1r14to0@naver.com,서울시 마포구 211번길,남,2023-07-14
박지선,gqicwghdd,3ywevmbzqdy,19770811,010-4306-2114,klfp@yahoo.co.kr,서울시 서초구 457번길,여,2023-09-21
이영수,fqwdwoz,h2g8b1msr9c,19721019,010-3187-7014,njbb@naver.com,서울시 마포구 400번길,여,2023-07-22
김하늘,vuircnt,iotd8qnjo,19770919,010-0564-6528,3z7n6@yahoo.co.kr,서울시 마포구 168번길,남,2023-09-10
최지은,vxpcf,iyfgtd746q,20000805,010-7834-5392,39km6@daum.net,서울시 강남구 850번길,남,2023-09-16
이철수,mwbgr,lxi01krrg0p,19730120,010-9337-2106,dwar6@naver.com,서울시 강남구 270번길,남,2023-08-06
