NAME,ID,PASSWORD,BIRTHDATE,PHONE_NUMBER,EMAIL_ADDRESS,ADDRESS,UNIQUE_ID,성별
한지민,gpmden,s4p45nvf,1979-07-20,010-3941-4638,ed6rfbf6@daum.net,서울시 강남구 195번길,UID-EGJ3D5KC81,여
김민수,kcdcswvti,d7tx669yxpc,1986-01-26,010-7322-2382,q77@daum.net,서울시 서초구 068번길,UID-IGF0HZLJHF,여
최민지,kbvxzqc,leibzddjey,1982-10-05,010-8509-8186,kcwuu6@gmail.com,서울시 마포구 418번길,UID-SU6F0X9HI7,여
박영희,cihbstx,ly6ghuhx,1998-01-04,010-5988-3329,c4d@naver.com,서울시 마포구 143번길,UID-OGYHHSLNA4,여
정태영,ibthi,r1d6c8nn9,1982-01-10,010-1309-7911,lgf@yahoo.co.kr,서울시 동작구 826번길,UID-1NC2AJT9OS,남
박지선,lputjqybgo,m6jjq4z3m3,1993-03-22,010-9364-2186,okf@daum.net,서울시 동작구 773번길,UID-JHIHLJS84Y,남
이영수,viwnbfep,1i8whn68drk0,1975-12-03,010-1639-2239,5bom2zjs@yahoo.co.kr,서울시 동작구 722번길,UID-7BWNE25J4B,여
김하늘,oyvbo,yz5qxapqodis,1988-01-26,010-9366-6754,fslw06bv@naver.com,서울시 동작구 515번길,UID-0DSKX0X0VJ,남
최지은,kdtgcps,e39bmojl8em,2002-06-06,010-6468-6226,owm@daum.net,서울시 서초구 545번길,UID-TT9F6GOQ40,남
이철수,wcqblbrzf,14czm13pjv,1988-06-02,010-6669-0085,ahpznq@naver.com,서울시 서초구 978번길,UID-0KNYDMN9SH,남
한지민,sgzfaqftos,s50730vp,1971-04-02,010-7353-7562,fov1ll2d@yahoo.co.kr,서울시 용산구 442번길,UID-W017WZ0JLD,여
김민수,cevstn,v2koou7kcvi3,1997-08-26,010-4668-8323,vk59cule@gmail.com,서울시 강남구 038번길,UID-153KFXCA4K,남
최민지,ubiau,uj0291nj8asg,1970-01-07,010-7602-1308,38msy@daum.net,서울시 동작구 178번길,UID-6SBICS552Y,남
박영희,tnaej,qb71j91xj,1976-11-21,010-8944-4290,1xc@naver.com,서울시 용산구 759번길,UID-05QN6VL6T0,여
정태영,jnscfbfsf,ouxuazvc,1996-05-19,010-9273-7276,8jbt8l@naver.com,서울시 마포구 524번길,UID-EXSG2SVL6R,여
박지선,wzmei,hjamtub4,1986-05-28,010-8954-5949,3tuhi@daum.net,서울시 강남구 234번길,UID-VJ7RITBVXR,남
이영수,xznlmnqdis,z1g5wofg,1977-05-24,010-7163-0394,mr1@daum.net,서울시 마포구 513번길,UID-0GOXNXONZJ,여
김하늘,bswylyah,pv5dk52x04t,2000-04-07,010-3840-4077,omtw6b@gmail.com,서울시 마포구 436번길,UID-ZN8T8ZU2GK,여
최지은,lrzwlprxx,kxd6kih73nb,1996-03-20,010-9747-6940,60tpjg@naver.com,서울시 동작구 034번길,UID-A3WOOCRLZH,남
이철수,kcepm,6c650b1r7l1,1997-01-23,010-8383-8043,3s58mkkx@yahoo.co.kr,서울시 서초구 353번길,UID-OC8EXUIFR5,여
한지민,gtprvbt,xlo3nxn8p,1984-06-19,010-3467-9216,7vhh@daum.net,서울시 동작구 087번길,UID-HJ18JFIS14,남
김민수,nxobbom,94e0qtkmsat4,1976-08-03,010-0423-8677,73cz5@yahoo.co.kr,서울시 동작구 294번길,UID-FVP16AMU6D,남
최민지,vbbhxr,76kj03gm8x,1974-12-19,010-3512-3099,ibk@yahoo.co.kr,서울시 서초구 862번길,UID-SGFTU6OT3O,남
박영희,gbwjs,mi47648gs,1970-09-03,010-0957-7916,prl8okq@naver.com,서울시 용산구 485번길,UID-C7O5CDC2T1,남
정태영,thkmfbtv,69pamt3l,2002-10-28,010-4776-4617,6nzusad@gmail.com,서울시 마포구 683번길,UID-5GBXPG1GXC,남
박지선,wgket,7rvp0f74g,1973-10-17,010-4670-9461,mitzpuu@naver.com,서울시 마포구 198번길,UID-X7L8UOSZ3J,여
이영수,odrkycj,1e57k5n8wzod,1979-11-23,010-9988-8017,gr003@yahoo.co.kr,서울시 마포구 960번길,UID-YYOP7AZHM4,여
김하늘,dtvpeaka,4b6rgmd5jfuh,1990-01-10,010-6757-3320,c6kpyxo7@naver.com,서울시 강남구 247번길,UID-IGRFXNESUL,여
최지은,pzkhiymqo,kt2loxxm,1990-03-09,010-7659-1621,d4z@daum.net,서울시 마포구 561번길,UID-6B9N9TH14G,남
이철수,brchcafmdd,tkjoq476n02v,1995-12-11,010-6637-4227,ptam@yahoo.co.kr,서울시 서초구 909번길,UID-37HP9AG956,여
한지민,igseu,2maqvvvpwkq,1987-05-17,010-3628-1114,hs5@naver.com,서울시 마포구 448번길,UID-KAUGWKWLXB,여
김민수,wbqdbrcb,e4dvblp1krdl,1984-03-08,010-8334-8338,7zpb@naver.com,서울시 동작구 652번길,UID-EFKY8ETPND,여
최민지,hllwzsnkf,ck51j9kt,2000-06-15,010-8639-0541,umyynkv@naver.com,서울시 용산구 284번길,UID-DX20G1I2KU,여
박영희,iyjixd,wmplm1x5m,1984-02-09,010-2287-5008,381dp8yj@daum.net,서울시 마포구 526번길,UID-GMQKU8JIZF,남
정태영,askyys,6g2n4ktyh,1985-02-10,010-3904-7619,eu26qgj@gmail.com,서울시 동작구 579번길,UID-M34SHWDLB8,여
박지선,ipvwhctf,tkca9zmd9,1996-05-04,010-6408-1028,2sn@yahoo.co.kr,서울시 강남구 396번길,UID-S11P26QYO8,남
이영수,qkvpk,jncq1bg14tv,1995-10-03,010-1430-1859,p86@naver.com,서울시 마포구 186번길,UID-W9IDUEMKPT,여
김하늘,zjhwm,wwnp3sasufw,1977-03-20,010-5385-7494,13t@naver.com,서울시 강남구 421번길,UID-NXX3309ZCU,여
최지은,guisalnmdp,p7wqrx65l,1976-06-18,010-3699-4566,9up@yahoo.co.kr,서울시 강남구 274번길,UID-THY9MMHGDW,남
이철수,xjutwalg,bppog8aw2,1980-07-26,010-9857-4420,85jl@daum.net,서울시 강남구 988번길,UID-X79JD8F8UR,남
한지민,qcovhs,9hr3wvpuwa,1975-03-13,010-2731-6443,kvl6v@daum.net,서울시 마포구 008번길,UID-E3BXSQSIAU,여
김민수,htdtdv,qfbpqzp1,1991-11-04,010-9488-9090,bhhb@naver.com,서울시 마포구 928번길,UID-7IU3ABHULZ,여
최민지,kfegnz,k97hd284j,1988-08-10,010-7026-2998,ng6iarbp@gmail.com,서울시 용산구 059번길,UID-B0P0CRKYHA,여
박영희,zbmqnna,j22qtwez,1989-06-05,010-4285-8780,ujdm85@yahoo.co.kr,서울시 강남구 034번길,UID-0QM6UXV4FA,남
정태영,pkphaecnld,5fwwrfnm6,1972-09-03,010-8824-0652,lx87fv3@naver.com,서울시 용산구 329번길,UID-0TS5NPGIP9,남
박지선,wsytur,li4bsce15,1999-08-02,010-9613-5701,g9ai@yahoo.co.kr,서울시 마포구 446번길,UID-GZMQFBZXDH,여
이영수,tqcljalnnv,muyabc25,1988-08-23,010-1563-7898,y6tdof@naver.com,서울시 동작구 878번길,UID-O314XY5GCN,남
김하늘,pkgoqg,m3xuoadbbrtf,1999-02-15,010-6241-1241,pf5tn5zj@gmail.com,서울시 용산구 036번길,UID-P4VM93422W,남
최지은,dutsdltshx,cvd8w4cs,1990-02-19,010-4855-3614,0wsmjepf@naver.com,서울시 서초구 589번길,UID-CCLW1L0N77,여
이철수,skmskx,5vnuupqet,1976-06-01,010-1364-3522,mk0r@yahoo.co.kr,서울시 동작구 281번길,UID-PY0VHH8IFR,남
한지민,wsdzzu,ldttewpmxt,1983-06-17,010-1472-9092,hgy@daum.net,서울시 마포구 729번길,UID-ZXLIIPOVGW,여
김민수,xblauihkzk,jykzu7gmv0p,1984-12-23,010-8642-0901,gs2pah@gmail.com,서울시 동작구 418번길,UID-I3G3AHDPR0,남
최민지,zeklpvas,usoz25c4,1977-08-10,010-9645-1367,tee@yahoo.co.kr,서울시 강남구 168번길,UID-1857EAJ74N,여
박영희,kalpvlctf,2g5ccpznko6,1970-12-23,010-0078-7932,c1qx9k@daum.net,서울시 서초구 707번길,UID-JQRRKWBJWE,여
정태영,qjhfgzrqs,nlx3i13d,1972-12-01,010-3450-5245,1tn79a@gmail.com,서울시 동작구 218번길,UID-GGY5LZYE46,남
박지선,kknnmcsqal,l4m3qy2y,1977-06-19,010-3658-8983,g36@daum.net,서울시 강남구 736번길,UID-38GSUYWL04,남
이영수,fiuzv,zpd7mwy9qo,1981-01-27,010-6396-8778,8cnhj@yahoo.co.kr,서울시 서초구 437번길,UID-BVFT7EZU9Y,여
김하늘,oszkq,q8kcshpt,1979-08-09,010-2893-0992,zlz@naver.com,서울시 서초구 689번길,UID-GG59NRM5M1,여
최지은,unnhwx,emdjdvo6663t,1991-07-14,010-9669-5365,ftbv2ty@gmail.com,서울시 마포구 463번길,UID-XPGBFQUV2S,남
이철수,lhjrn,5gifvnk0kjl,2002-08-26,010-6669-8923,ouoi6x@naver.com,서울시 동작구 644번길,UID-4FA7BQS3D9,여
한지민,bwhazi,6knkhtetw,1971-12-07,010-3536-6102,356@naver.com,서울시 용산구 609번길,UID-FQEPUOS58Y,남
김민수,fmfpvjp,g7qo957fqyv,2003-04-19,010-5263-9911,qfn85tgx@daum.net,서울시 마포구 109번길,UID-SXU9ZRCADQ,여
최민지,asydroycj,ctw1y535,2001-11-12,010-1316-3514,9zernv3w@gmail.com,서울시 용산구 097번길,UID-0YX7ZC29KC,남
박영희,qqcckwrevh,75urpg66mvw,1975-09-14,010-8117-1791,qzd9pw@naver.com,서울시 용산구 325번길,UID-DLLGM7AZHB,남
정태영,djeluwul,gej6i44xmdf,1986-08-19,010-9373-2111,temyox3n@naver.com,서울시 강남구 948번길,UID-FD5NQECJPB,남
박지선,icowiwzas,zqgb99czu7,2000-03-17,010-0867-1199,lpw5@gmail.com,서울시 마포구 636번길,UID-HU6KBO3GNA,남
이영수,rgffmnfyd,km0vi729igus,1981-04-18,010-8345-3614,wbtdlh@daum.net,서울시 동작구 629번길,UID-9OHZ9ELJPG,여
김하늘,hskfbzfdjr,xi6w97ove5t3,1981-09-17,010-2256-0279,ehfacy@daum.net,서울시 동작구 967번길,UID-K0WMRNPLPF,여
최지은,ubihmhm,3y0cpbkvk,1988-08-17,010-3612-1711,s75gi4@yahoo.co.kr,서울시 동작구 417번길,UID-DUL6X3Y4A3,여
이철수,tgugpj,0fwjryucp1u,1997-01-13,010-5584-2338,eajncqc@yahoo.co.kr,서울시 강남구 485번길,UID-EN3TTS18QE,여
한지민,bwxiad,yit8lc7k3w,1984-01-14,010-3670-0695,1mhv0@gmail.com,서울시 강남구 812번길,UID-O8HZASE7WI,여
김민수,tznptx,0owxvkz5d,1982-05-24,010-1479-8600,apf6r@gmail.com,서울시 용산구 297번길,UID-P3B5X47XZN,여
최민지,vrypfy,4qwcb108u2km,1977-03-17,010-7345-4778,f0s@gmail.com,서울시 마포구 311번길,UID-941HGKR7L0,여
박영희,hkwyy,k171ctgcsw,1993-12-03,010-1774-7704,yeauumm5@naver.com,서울시 서초구 675번길,UID-ENTYD5BIS2,여
정태영,ziuypmnl,jedjoxv9f,2003-04-07,010-4652-0308,7dvuvo@yahoo.co.kr,서울시 마포구 238번길,UID-3WXW9UAMF6,여
박지선,mdpgqsgik,4et38q7fe96,2000-07-22,010-9027-5380,2s7sqtyl@naver.com,서울시 서초구 694번길,UID-X2H0VU7GCA,남
이영수,permlb,ka2qtki4ogk,1973-06-20,010-1731-4734,fj0hivrg@yahoo.co.kr,서울시 마포구 699번길,UID-WJ5J834VGE,남
김하늘,qvmpetu,a189fub7,1995-05-26,010-3667-6936,c974l@naver.com,서울시 강남구 445번길,UID-LURZJ9VDL9,여
최지은,etzayka,id72w8vxpwn,1994-07-28,010-7683-0472,3bf97y@yahoo.co.kr,서울시 서초구 618번길,UID-KH1C6JEX5S,남
이철수,qxirvhfjzv,hvti35fryy,1996-10-09,010-2571-4496,9cts9@daum.net,서울시 용산구 473번길,UID-CO87OPB3V4,남
한지민,gvbkwzind,5j71eey8,1998-02-12,010-4041-6176,dwu@naver.com,서울시 강남구 279번길,UID-TXAQHPWDHB,남
김민수,zyvyd,sqsl49tc2,1972-02-07,010-7692-0846,1gp@naver.com,서울시 서초구 075번길,UID-5QQ0L4EWBA,남
최민지,zhtryx,w1iokoruu,1985-10-17,010-3089-5250,5ox9@naver.com,서울시 용산구 214번길,UID-FD0S42P3FF,여
박영희,okxkmuxzla,lojxamlto1m,1985-04-09,010-3520-8640,xq5g@yahoo.co.kr,서울시 강남구 333번길,UID-MMN39J3UK6,여
정태영,wwflbcrolp,9q1f3npvw97,1999-10-01,010-4894-9419,cltd63@daum.net,서울시 용산구 354번길,UID-CMNCC9MKOE,여
박지선,zkxivzhsfj,dpeyb3u5e,1971-02-05,010-0240-1604,ho9749@yahoo.co.kr,서울시 마포구 386번길,UID-HGUF93HO4M,여
이영수,apbquuvzjw,kz5468dp,1971-06-14,010-0312-0353,af1h@naver.com,서울시 마포구 198번길,UID-CF1V2KOIG5,여
김하늘,tsikq,le5aenex,1975-08-14,010-7236-4685,rpnh0@naver.com,서울시 서초구 375번길,UID-XUN0RIE8B1,남
최지은,cwzdeznxi,c0i05at0,1977-09-06,010-8629-2852,f7nbq5g9@naver.com,서울시 서초구 504번길,UID-ZMT3PXLGAJ,여
이철수,kxjje,crw2qwag,1995-02-12,010-7565-5560,xw7e2r@daum.net,서울시 마포구 088번길,UID-BPPQJPNWMD,여
한지민,gafubcdz,r5sebubon,2001-02-20,010-0289-5167,dswkoliv@yahoo.co.kr,서울시 마포구 288번길,UID-U0MUW82GDU,여
김민수,gonlf,50xkyub5747o,1991-04-17,010-6165-2534,lbnq@naver.com,서울시 용산구 715번길,UID-KRWEZCWREW,여
최민지,ailmgsbzh,3m608nw5,1971-07-12,010-0223-3905,p5co@gmail.com,서울시 용산구 485번길,UID-9IYNAB3LW7,여
박영희,sumyanwhcz,gmd1ea9sjo,1981-02-25,010-2665-8000,a60wl557@gmail.com,서울시 동작구 319번길,UID-9KEYCX6QSA,남
정태영,tmbarsxw,ohsg8bmt,1981-03-09,010-0154-0781,1r14to0@naver.com,서울시 마포구 211번길,UID-ZS44MMAFZZ,남
박지선,gqicwghdd,3ywevmbzqdy,1977-08-11,010-4306-2114,klfp@yahoo.co.kr,서울시 서초구 457번길,UID-8YKNJLOP8F,여
이영수,fqwdwoz,h2g8b1msr9c,1972-10-19,010-3187-7014,njbb@naver.com,서울시 마포구 400번길,UID-W60Z4UDX87,여
김하늘,vuircnt,iotd8qnjo,1977-09-19,010-0564-6528,3z7n6@yahoo.co.kr,서울시 마포구 168번길,UID-ZQC6L6UFLQ,남
최지은,vxpcf,iyfgtd746q,2000-08-05,010-7834-5392,39km6@daum.net,서울시 강남구 850번길,UID-0UN9L2SWL1,남
이철수,mwbgr,lxi01krrg0p,1973-01-20,010-9337-2106,dwar6@naver.com,서울시 강남구 270번길,UID-ZR8I87WTZ7,남
